First Name,Last Name,Age
Eric,Bauer,67
Jerry,Boyd,59
Donna,Brown,79
Gina,Burke,86
Benjamin,Pierce,83
Jennifer,Hamilton,73
James,Kelly,57
David,Berger,82
Cynthia,Young,53
Austin,Stone,97
Susan,Green,98
Nicole,Walker,54
Connie,Lee,50
Corey,Peterson,89
Roy,Phillips,88
Elizabeth,Dillon,100
Joseph,Wilson,94
Erin,Hickman,88
Kyle,Hansen,58
Kimberly,Wallace,81
Thomas,Hernandez,86
Brent,Smith,89
Johnny,Thompson,91
Jennifer,Frederick,76
Ryan,Taylor,71
Sylvia,Rollins,96
Lisa,Hall,96
Amanda,Watkins,64
George,Thomas,82
Christopher,Garrison,75
Rebecca,Mason,89
Jennifer,Hall,100
Stephen,Nunez,63
Karen,Martinez,85
James,Williams,99
Garrett,Schaefer,78
John,Hall,68
Laura,Henderson,94
Amy,Olson,82
Melanie,Robinson,64
Stephanie,Church,87
Jonathan,Smith,96
Kelly,Fields,61
Jeffrey,Skinner,62
Beth,Castro,78
Adriana,Mills,73
Elizabeth,Williams,83
Melinda,Hull,80
Adam,Parker,80
Mariah,Hamilton,84
Stephen,Yu,76
Kevin,Bolton,98
Elizabeth,Powers,60
Aaron,Green,95
John,Jones,99
Richard,Dodson,66
Taylor,Esparza,73
Ethan,Sims,50
Sandy,Davis,56
Anthony,Mccarthy,92
Linda,Peterson,77
Michael,Mitchell,91
April,Curry,75
Sandy,Carson,73
Amber,Green,85
Brandon,Caldwell,98
Cory,Adams,56
Peter,Rogers,79
Troy,Higgins,98
Gina,Johnson,70
Virginia,Johnson,91
Gabriel,Decker,50
Sylvia,Joseph,95
Erin,Perry,59
Brian,Johnson,73
Phillip,Hoover,90
Brian,Cooper,84
William,York,84
Harold,Johnson,68
Brianna,Santos,55
Cassidy,Murphy,56
Gary,Villarreal,83
Randall,Roberts,95
Sarah,Wise,60
Alex,Castillo,99
Jacob,Mejia,62
Jeremy,Grant,93
George,Gibson,84
Margaret,Hernandez,86
Andrew,Perry,89
Rebecca,Reeves,85
Thomas,Anderson,80
Christopher,Griffin,67
Andrew,Delgado,61
Bob,Bryan,99
Victoria,Banks,55
Hannah,Sloan,98
Cynthia,Rodriguez,74
Pamela,Perez,58
Kyle,Dyer,62
Thomas,Barker,88
Kelly,Wright,88
Christina,Griffin,82
Alison,Cobb,65
Sherri,Mcgee,88
Ricky,Myers,55
Robert,James,90
Heather,Ortiz,59
Dennis,Chapman,77
